accel,acs,idx,psnr,ssim,l1
6,20,0,16.45553207397461,0.3528458178043365,0.1159506142139434
