model,psnr,ssim,l1
Zero-fill,21.782419204711918,0.8783677220344543,0.0583584792912006
Real U-Net,25.09961725398898,0.7851074267891818,0.0461958072264678
Complex U-Net,25.494174547493454,0.8872427081223577,0.0407976086080452
